la_code,la_name,lts_count,adults_18plus,adults_65plus,share_65plus,assess_count,region,imd_score,vacancy_rate,ascof_1a,lts_rate,assess_rate,observed_expected
E09000002,Barking and Dagenham,2640,166282,20012,0.12034976726284265,1190.0,London,32.768,13.79234541835856,18.8,1587.6643292719598,715.6517241794061,0.9401881129792158
E09000003,Barnet,4650,311199,60658,0.19491707878238684,2305.0,London,16.148,7.4851670183689105,18.0,1494.220739783868,740.683614021896,1.0896397621974279
E08000016,Barnsley,3135,199971,50538,0.2527266453635777,3685.0,Yorkshire and The Humber,29.933,4.77387821610973,19.7,1567.7273204614667,1842.7672012441803,0.9553374437780768
E06000022,Bath and North East Somerset,1875,163427,39084,0.23915264919505344,925.0,South West,11.745,6.8808123634043,19.2,1147.3012415329167,566.0019458229057,0.9659324432661155
E06000055,Bedford,2215,150493,33389,0.22186413986032574,1480.0,East of England,18.932,6.494578899272139,19.4,1471.8292545168213,983.4344454559349,1.0485203827179082
E09000004,Bexley,3005,197710,42451,0.21471346922259876,2220.0,London,16.273,10.36912447604269,18.3,1519.902888068383,1122.856709321734,1.0741225610605825
E08000025,Birmingham,12720,890759,154406,0.1733420599735731,20930.0,West Midlands,38.067,4.94576060436232,18.6,1427.9956755980013,2349.68156370017,0.8329256306263703
E06000008,Blackburn with Darwen,2565,120736,23175,0.19194772064670024,2815.0,North West,36.013,7.854207514789451,19.0,2124.469917837265,2331.5332626557115,1.1332801086969562
E06000009,Blackpool,2790,115268,29985,0.2601329076586737,2160.0,North West,45.039,7.17382722625479,19.3,2420.4462643578445,1873.8938820834924,0.9974268466175576
E08000001,Bolton,4490,234486,52356,0.22327985466083264,3775.0,North West,30.691,6.462379300810279,18.7,1914.8264715164232,1609.9042160299548,1.0803299894625844
E06000058,"Bournemouth, Christchurch and Poole",4365,334157,88851,0.2658959710555218,5610.0,South West,18.173,6.22212056835194,18.8,1306.2722013903644,1678.8515578006748,0.9428289718876082
E06000036,Bracknell Forest,1140,101434,20882,0.2058678549598754,1330.0,South East,10.241,9.60588349471532,19.1,1123.8835104600037,1311.1974288700042,0.9923491304861705
E08000032,Bradford,5855,421122,87497,0.20777114470391003,7680.0,Yorkshire and The Humber,34.666,5.36504473444216,19.6,1390.3334425653372,1823.6995454998787,0.8254257080609665
E09000005,Brent,5555,277975,42947,0.15449950535120066,4320.0,London,25.558,,17.6,1998.3811493839373,1554.0965914200917,
E06000043,Brighton and Hove,3555,237258,40523,0.1707971912432879,1870.0,South East,20.761,4.95863562240626,19.0,1498.3688642743343,788.1715263552757,1.1479197596570954
E06000023,"Bristol, City of",5510,401694,62286,0.15505832798100047,4145.0,South West,26.363,7.04657496293863,19.1,1371.6908890847262,1031.8799882497622,0.9900847742354433
E09000006,Bromley,3245,261862,59984,0.22906721861132964,2255.0,London,14.163,7.6954694199540405,19.0,1239.202327943726,861.1406007744538,0.8944661946722532
E06000060,Buckinghamshire,5545,448306,110535,0.24656150040374208,5235.0,South East,10.052,6.688988892272859,19.0,1236.8783821764598,1167.7291849763333,1.0390296452367431
E08000002,Bury,2520,154153,36500,0.23677774678403923,3580.0,North West,23.682,7.1457978681052206,19.1,1634.7395120432298,2322.3680369503027,1.0293401452875939
E08000033,Calderdale,2450,165799,41290,0.24903648393536754,1275.0,Yorkshire and The Humber,26.351,4.93637410584755,19.7,1477.6928690764119,769.0034318662958,0.9664163638996515
E10000003,Cambridgeshire,6355,567393,134730,0.2374544627797664,7400.0,East of England,13.858,7.97131884287317,19.1,1120.0349669453096,1304.210661745915,0.8564736903306137
E09000007,Camden,3100,181667,26312,0.14483643149278624,2910.0,London,20.131,13.506846481261231,18.6,1706.418887304794,1601.8319232441775,1.232844023659118
E06000056,Central Bedfordshire,3100,245803,57456,0.23374816418025818,1990.0,East of England,12.152,6.0219637916813,19.5,1261.1725650215824,809.591420771919,1.0015551138296535
E06000049,Cheshire East,4550,338257,94913,0.28059434098924785,2375.0,North West,14.475,6.12636467917073,19.7,1345.131068980095,702.1288546874122,0.945556245830832
E06000050,Cheshire West and Chester,4070,300087,80283,0.26753241559947616,3105.0,North West,18.083,5.70110577243711,19.8,1356.2733473959217,1034.6999370182648,0.9085842387348801
E09000001,City of London,115,14264,1399,0.09807908020190689,65.0,London,14.72,5.6832502387820805,16.1,806.225462703309,455.69265283230516,0.6895835713360778
E06000052,Cornwall,7295,477503,151606,0.3174974816912145,8450.0,South West,23.072,8.36667227658039,19.3,1527.7390927386843,1769.6223898069752,0.9379234209031523
E06000047,County Durham,7520,437579,117738,0.2690668427872453,6455.0,North East,26.793,4.5471179940686595,19.6,1718.5468224023548,1475.1621992828723,0.9558553393044843
E08000026,Coventry,3865,285465,51300,0.17970679417792024,3855.0,West Midlands,25.613,11.17494723361971,19.6,1353.931305063668,1350.4282486469444,0.9795558446738724
E09000008,Croydon,4795,315397,56734,0.17988122905417617,2730.0,London,22.477,11.12524939061685,18.8,1520.3061538315203,865.5757664150261,1.0047768512675328
E06000063,Cumberland,3640,228006,67351,0.2953913493504557,4475.0,North West,21.261,,19.5,1596.4492162486952,1962.6676490969535,
E06000005,Darlington,1335,89718,23797,0.26524220334826903,1475.0,North East,25.657,5.1202220044515006,19.7,1487.9957199224236,1644.0402148955616,0.8491239583750904
E06000015,Derby,3245,212036,44517,0.20995019713633534,2595.0,East Midlands,26.323,7.572141148027001,,1530.4004980286368,1223.848780395782,1.0229654180507977
E10000007,Derbyshire,9060,666222,186020,0.2792162372302326,11495.0,East Midlands,18.392,9.18742957886012,19.3,1359.9070580076911,1725.4008423618554,0.9556611205108624
E10000008,Devon,10660,694149,221728,0.31942421583838626,5500.0,South West,16.607,5.4692306360859995,19.4,1535.693345376857,792.3370918923747,1.0611014484389134
E08000017,Doncaster,3765,251494,62691,0.24927433656468942,6940.0,Yorkshire and The Humber,30.289,,19.5,1497.0536076407388,2759.5091731810703,
E06000059,Dorset,4455,322798,119046,0.3687941065310194,2710.0,South West,15.735,5.50715749579248,18.3,1380.1200750934022,839.5343217739886,0.9059351102409282
E08000027,Dudley,4355,260806,67075,0.2571835003795925,6290.0,West Midlands,24.103,4.30589770393041,19.2,1669.8235470042869,2411.7543308052727,1.123282567183304
E09000009,Ealing,4040,303625,48645,0.16021407986825853,5465.0,London,22.71,12.25017805841431,16.8,1330.588719637711,1799.9176615891313,0.898676372178209
E06000011,East Riding of Yorkshire,5150,292861,96404,0.32918005470171857,5220.0,Yorkshire and The Humber,15.605,4.0985375342567405,19.1,1758.5134244573364,1782.4155486732614,1.256771984265941
E10000011,East Sussex,8285,456454,149415,0.3273385708088876,5090.0,South East,19.77,7.168731628547629,19.4,1815.078846937479,1115.117843199972,1.142238324901482
E09000010,Enfield,4580,247103,48037,0.194400715491111,4180.0,London,25.781,8.69404437099527,18.7,1853.4781042723075,1691.6022873052939,1.1323073192088606
E10000012,Essex,17135,1234168,325861,0.26403293554848284,16040.0,East of England,17.016,8.97892423906014,18.6,1388.38472558031,1299.6609861866457,0.9655232860599816
E08000037,Gateshead,2860,162346,41321,0.25452428763258717,2975.0,North East,28.217,7.608184291244891,19.4,1761.669520653419,1832.505882497875,0.9714707820053495
E10000013,Gloucestershire,6215,536217,148036,0.276074798076152,3785.0,South West,14.932,5.51119294273783,18.7,1159.0456848626584,705.8709440394467,0.8760854189637373
E09000011,Greenwich,3210,234203,32234,0.13763273741156176,2225.0,London,24.464,7.0350986554468795,18.7,1370.6058419405388,950.0305290709342,0.9279202984589983
E09000012,Hackney,3845,212567,22600,0.10631941928897712,2305.0,London,32.526,6.604229065020039,18.8,1808.8414476376859,1084.363988765895,1.102503849487729
E06000006,Halton,1985,103804,25379,0.24448961504373629,2445.0,North West,32.325,7.60030511057902,19.0,1912.2577164656468,2355.400562598744,1.0163216727978501
E09000013,Hammersmith and Fulham,2925,156732,20499,0.13079013858050687,1625.0,London,22.27,5.93451237855792,17.4,1866.2430135517955,1036.8016741954418,1.3288029644285586
E10000014,Hampshire,14615,1158484,324772,0.2803422403762158,6680.0,South East,12.693,7.69462966088636,19.1,1261.5625248169158,576.6156459648989,0.9634774036575671
E09000014,Haringey,3840,210202,29751,0.14153528510670688,2440.0,London,27.956,5.97641445487634,18.1,1826.8142072863245,1160.7881942131853,1.1547191187495809
E09000015,Harrow,2710,210272,42587,0.20253290975498403,3085.0,London,15.031,8.39591312701156,19.1,1288.806878709481,1467.147313955258,0.9487808525693272
E06000001,Hartlepool,1500,77090,19648,0.2548709300817227,1565.0,North East,35.037,1.7876371190737699,20.1,1945.7776624724347,2030.094694512907,0.9503159305609344
E09000016,Havering,2900,212497,47709,0.2245161108156821,1585.0,London,16.789,9.25841565221743,19.0,1364.725149060928,745.8928831936452,0.9434576728622726
E06000019,"Herefordshire, County of",1955,156608,51516,0.32894871270944015,765.0,West Midlands,18.89,4.4385545290176704,19.6,1248.3398038414384,488.48079280751944,0.8379367846987684
E10000015,Hertfordshire,11880,958711,216310,0.2256258663976944,13350.0,East of England,12.732,6.80790916895764,19.2,1239.1638356084368,1392.4947142569556,0.9839200862718104
E09000017,Hillingdon,2930,253661,43198,0.1702981538352368,3545.0,London,18.223,10.446830756580109,19.1,1155.0849361943697,1397.534504712983,0.8366807392288855
E09000018,Hounslow,3080,231870,36624,0.15795057575365506,1400.0,London,21.487,10.12405150331297,18.7,1328.3305300383836,603.7866045629016,0.921796012948798
E06000046,Isle of Wight,2215,118309,42743,0.36128274264848825,920.0,South East,23.294,8.55116809488594,19.5,1872.2159768064982,777.6246946555207,1.0533951202288128
E06000053,Isles of Scilly,15,2047,596,0.29115779189057156,10.0,South West,12.005,,,732.7796775769418,488.51978505129455,
E09000019,Islington,2645,187400,21630,0.11542155816435432,2840.0,London,27.535,8.61003398759475,18.8,1411.419423692636,1515.4749199573105,0.9298382174568122
E09000020,Kensington and Chelsea,1730,121963,22314,0.1829571263415954,865.0,London,21.526,4.54287653438748,18.3,1418.4629764764725,709.2314882382362,0.9545930331284456
E10000016,Kent,16265,1283639,335964,0.26172779106898436,22630.0,South East,19.538,6.52874341616264,19.4,1267.1007970309408,1762.956719139883,0.8760919339638165
E06000010,"Kingston upon Hull, City of",3575,213022,42699,0.20044408558740412,3745.0,Yorkshire and The Humber,40.564,3.4691149232410403,19.1,1678.2304175155616,1758.0343814253927,0.9043182932868286
E09000021,Kingston upon Thames,1640,135571,25926,0.19123558873210347,1465.0,London,11.381,8.02849038410328,19.0,1209.698239298965,1080.614585715234,0.9673005487218892
E08000034,Kirklees,4825,348025,80976,0.23267294016234466,2825.0,Yorkshire and The Humber,25.151,3.657521654465,18.6,1386.3946555563537,811.7232957402485,0.9486934839981004
E08000011,Knowsley,2720,126526,28160,0.22256295148823166,2185.0,North West,43.006,8.02426020018608,19.4,2149.755781420419,1726.9177876483886,0.9672644766543725
E09000022,Lambeth,3690,265466,30014,0.1130615596724251,1380.0,London,25.422,4.047751256802281,18.6,1390.0085133312741,519.8405822214521,0.9582270903443405
E10000017,Lancashire,17725,1033522,272840,0.2639905101197652,18800.0,North West,23.443,7.138597011632861,18.9,1715.0094531127543,1819.0227203678296,1.045159370675355
E08000035,Leeds,8910,668950,131845,0.197092458330219,7315.0,Yorkshire and The Humber,27.301,6.37103177520445,19.5,1331.9381119665147,1093.504746244114,0.9178422256398745
E06000016,Leicester,5390,297585,46623,0.15667120318564443,2765.0,East Midlands,30.877,7.461187849663969,18.6,1811.2472066804442,929.146294336072,1.197519764938477
E10000018,Leicestershire,7505,598134,157349,0.263066470055205,6885.0,East Midlands,12.33,5.87167893844934,18.6,1254.7355609278188,1151.079858359498,1.0099440323866755
E09000023,Lewisham,3210,239203,31107,0.13004435563099126,1215.0,London,26.661,5.03165462651952,18.5,1341.9564135901305,507.93677336822697,0.8829723179376403
E10000019,Lincolnshire,8755,641548,190608,0.2971063739579891,12700.0,East Midlands,20.29,5.93648160504633,18.9,1364.6679593732658,1979.5868742479129,0.9060204198099019
E08000012,Liverpool,7525,411159,78032,0.18978546012613126,5710.0,North West,42.412,8.21187664964435,19.5,1830.192212744948,1388.7571474782262,0.8704114064038792
E06000032,Luton,2645,176810,27193,0.1537978621118715,1725.0,East of England,25.908,11.24896951762838,18.4,1495.9561110796901,975.6235507041457,1.0251174263928304
E08000003,Manchester,8180,457839,55094,0.12033487754428959,4030.0,North West,40.005,6.42525293397191,19.0,1786.6542605588427,880.2220868034395,0.9775215338748444
E06000035,Medway,3025,223881,48069,0.21470781352593565,5505.0,South East,23.936,5.41709472393553,18.8,1351.1642345710443,2458.8955739879666,0.9195072085927701
E09000024,Merton,1760,171340,28890,0.1686121162600677,2020.0,London,14.649,8.65791245913161,19.0,1027.1973853157465,1178.9424536010272,0.7973813765526154
E06000002,Middlesbrough,3425,120544,25981,0.21553125829572603,1905.0,North East,40.46,3.23732584375932,19.2,2841.2861693655427,1580.3358109901778,1.3239265075754312
E06000042,Milton Keynes,2970,231315,43505,0.18807686488122258,2350.0,South East,17.98,6.81267555699238,19.0,1283.963426496336,1015.9306573287507,1.0097285598083603
E08000021,Newcastle upon Tyne,3855,259399,47404,0.18274550017540545,1460.0,North East,29.79,4.61381366893683,19.4,1486.127548679833,562.8394866595476,0.8799265112114925
E09000025,Newham,4160,290115,28208,0.0972304086310601,2730.0,London,29.577,7.36276167028342,18.5,1433.9141374971994,941.0061527325372,0.9335847712600396
E10000020,Norfolk,12745,768529,234739,0.30543935232112257,5375.0,East of England,21.183,6.7886915283447,19.1,1658.3629244960175,699.3880517195837,1.011353565895982
E06000012,North East Lincolnshire,2110,126389,34590,0.273678880282303,1235.0,Yorkshire and The Humber,31.335,5.6499977188144594,19.1,1669.449081803005,977.1419981169247,0.9629483209398711
E06000013,North Lincolnshire,1875,136661,39266,0.28732410856059887,1925.0,Yorkshire and The Humber,22.096,3.2494559645694996,19.5,1372.0081076532442,1408.5949905239975,0.9220350925573683
E06000061,North Northamptonshire,3840,290758,68847,0.23678454247174627,5475.0,East Midlands,18.605,6.410391118629789,19.3,1320.685931255546,1883.0092379229463,0.9814970461386117
E06000024,North Somerset,2575,180218,53950,0.2993596644064411,1975.0,South West,15.825,4.73924285354627,19.4,1428.8250896136901,1095.8949716454517,1.0298461389543803
E08000022,North Tyneside,3250,172762,45522,0.26349544460008567,3835.0,North East,22.279,6.18458301931422,18.4,1881.2007270117272,2219.816857873838,1.144021597153284
E06000065,North Yorkshire,6990,519549,165203,0.31797385809615647,8440.0,Yorkshire and The Humber,14.762,6.853407220418769,19.3,1345.3976429557174,1624.48585215254,0.9895459385363422
E06000057,Northumberland,5425,272364,88198,0.32382400023497965,3940.0,North East,22.079,5.20418414325323,19.1,1991.8197706011074,1446.5935292476245,1.1206209983080595
E06000018,Nottingham,5015,262363,39162,0.14926647431230775,2175.0,East Midlands,34.891,10.91245513548108,18.5,1911.4737977534942,829.0040897535096,1.1828991005743563
E10000024,Nottinghamshire,9600,685441,184642,0.26937694126846806,15575.0,East Midlands,18.999,8.06124974247682,18.9,1400.5581807916365,2272.259756857264,0.9872722951002236
E08000004,Oldham,2895,187491,39562,0.21100746169149454,1210.0,North West,33.155,3.93489977968089,18.3,1544.0741155575467,645.3643108202527,0.8482335494176779
E10000025,Oxfordshire,6975,606571,139999,0.23080397842956554,6705.0,South East,11.656,8.19937842321147,17.8,1149.9066061516294,1105.3940923651146,0.9572294754660622
E06000031,Peterborough,2270,166034,32168,0.19374345013671898,2865.0,East of England,27.821,9.034991094359961,19.2,1367.1898526807763,1725.5501885156052,0.8580230878184483
E06000026,Plymouth,3650,219954,51339,0.23340789437791537,2570.0,South West,26.619,6.4063584103626905,19.1,1659.4378824663338,1168.4261254625967,1.0719606205578363
E06000044,Portsmouth,2080,171265,31960,0.18661139170291655,1040.0,South East,26.899,4.30156364436671,18.4,1214.4921612705457,607.2460806352728,0.8139473815121708
E06000038,Reading,1900,143944,22227,0.15441421663980437,1685.0,South East,19.619,5.66004014073352,19.2,1319.9577613516367,1170.5941199355304,1.0554299441816488
E09000026,Redbridge,3100,243060,40364,0.16606599193614746,3180.0,London,17.203,7.383893881128981,18.7,1275.4052497325763,1308.3189335966429,0.9488731217723086
E06000003,Redcar and Cleveland,2285,111729,33484,0.2996894270959196,2810.0,North East,29.792,6.13851544172786,19.4,2045.127048483384,2515.0140071064807,1.0313599982700394
E09000027,Richmond upon Thames,1695,152640,33386,0.21872379454926624,2335.0,London,9.425,11.807006576814869,19.6,1110.4559748427673,1529.7431865828091,0.8841223209164223
E08000005,Rochdale,3160,177474,38570,0.21732760855111172,2955.0,North West,34.415,2.12173606024033,18.8,1780.5425020002929,1665.0326244971095,0.948835701445251
E08000018,Rotherham,3665,217074,54357,0.25040769507172667,3930.0,Yorkshire and The Humber,29.55,3.20771727709855,19.1,1688.3643365856803,1810.4425219049726,1.0405858664003944
E06000017,Rutland,355,33431,10949,0.3275103945439861,750.0,East Midlands,8.381,9.27165800415935,20.5,1061.8886662080106,2243.4267595943884,0.8396448925500323
E08000006,Salford,3775,230726,36944,0.16012066260412783,4025.0,North West,34.21,8.50497277689317,18.9,1636.1398368627722,1744.4934684430882,0.9416924715285067
E08000028,Sandwell,4005,265267,51241,0.19316763864332917,5225.0,West Midlands,34.884,6.6468526239083,19.3,1509.7995604428745,1969.713533911116,0.9076231876111017
E08000014,Sefton,4425,231521,67863,0.2931181188747457,2335.0,North West,27.035,7.21529198337517,19.1,1911.2737073526807,1008.5478207160473,1.047941823688178
E08000019,Sheffield,8345,466214,97761,0.20969125766279004,3130.0,Yorkshire and The Humber,27.06,4.77714106651017,18.7,1789.9505377358894,671.3655102592372,1.2192700524778857
E06000051,Shropshire,3840,272302,87796,0.3224214291485189,4365.0,West Midlands,17.153,5.7465250725646,19.3,1410.1989702609603,1602.999610726326,0.9850416551584195
E06000039,Slough,1650,120673,16348,0.1354735524931012,1180.0,South East,22.965,9.20195771013349,17.4,1367.3315488966048,977.849228907875,1.0523040673106845
E08000029,Solihull,2545,172013,47025,0.273380500311023,2430.0,West Midlands,17.37,4.59100105464397,19.4,1479.5393371431228,1412.6839250521764,1.101431288403404
E06000066,Somerset,7535,475304,149580,0.31470385269217177,5110.0,South West,18.553,7.67012867775157,19.2,1585.3011967077912,1075.1014087825897,1.0620345102520408
E06000025,South Gloucestershire,3430,243538,57102,0.2344685428967964,2675.0,South West,11.66,7.573016050021909,19.4,1408.404437911127,1098.391216155179,1.194608040514147
E08000023,South Tyneside,2150,120880,32539,0.2691843150231635,2240.0,North East,31.509,4.1495913544564,19.5,1778.6234281932495,1853.0774321641297,0.9073350564858905
E06000045,Southampton,2570,208483,35555,0.1705414829986138,2310.0,South East,26.876,6.9629299473703,19.5,1232.714417962136,1108.004009919274,0.8431558548986617
E06000033,Southend-on-Sea,2500,145645,35809,0.2458649455868722,2515.0,East of England,22.375,7.646686703541509,19.3,1716.5024545985102,1726.8014693261014,1.1100461026119819
E09000028,Southwark,4195,259160,28682,0.11067294335545609,1875.0,London,25.811,6.71193088580935,18.3,1618.6911560425992,723.4912795184442,1.1093718388719847
E08000013,St. Helens,3035,151253,38821,0.2566626777650691,1735.0,North West,31.518,5.2890535032467305,19.2,2006.5717704772799,1147.084685923585,1.066370568571091
E10000028,Staffordshire,10800,732349,204911,0.27979965835960724,5750.0,West Midlands,16.567,9.525564738150049,19.2,1474.706731353494,785.1447875261657,1.1004437073765045
E08000007,Stockport,3865,239019,61235,0.2561930223120338,2550.0,North West,20.826,5.56601677789739,18.9,1617.0262615105912,1066.8607934934043,1.0462026053535942
E06000004,Stockton-on-Tees,2650,161721,40307,0.2492378849994744,3465.0,North East,25.79,6.24491020606389,19.1,1638.6245447406334,2142.5788858589794,0.9525765057722354
E06000021,Stoke-on-Trent,3615,207905,46030,0.22139919674851494,2820.0,West Midlands,34.504,6.7651167371173795,19.6,1738.7749212380656,1356.3887352396528,1.0127838382541137
E10000029,Suffolk,10000,633976,190540,0.30054765480081264,7900.0,East of England,18.46,6.36013058135767,19.2,1577.3467765341277,1246.1039534619608,1.0183437067906058
E08000024,Sunderland,4010,231836,59845,0.25813506099139044,5825.0,North East,30.586,5.93605942223135,19.4,1729.6709743094257,2512.5519763971083,0.9098618854716425
E10000030,Surrey,11890,979310,239223,0.24427709305531445,7410.0,South East,10.087,8.61358278950971,19.1,1214.1201458169528,756.6551960053507,1.020990324219206
E09000029,Sutton,2140,163671,32890,0.20095190962357412,4010.0,London,13.987,12.97873283386716,18.9,1307.5010233944927,2450.036964398091,0.9799842051918802
E06000030,Swindon,1810,189631,39768,0.20971254699917208,1255.0,South West,18.622,8.60615925782693,19.0,954.4852898523975,661.8116236269386,0.736330984692315
E08000008,Tameside,3215,186742,42169,0.22581422497349285,3305.0,North West,31.374,6.069475768356971,19.1,1721.6266292531943,1769.8214649088047,0.9561929075551376
E06000020,Telford and Wrekin,2135,151704,34994,0.23067288931076307,2530.0,West Midlands,24.988,10.14286918819702,18.8,1407.3458840900703,1667.7213521067342,0.9615864926147757
E06000034,Thurrock,2100,134718,24516,0.18198013628468357,1540.0,East of England,20.928,5.84065987863789,19.6,1558.8117400792767,1143.1286093914696,1.1308530317095746
E06000027,Torbay,2860,115315,38234,0.33156137536313574,1945.0,South West,28.104,5.33706609712002,19.2,2480.16303169579,1686.6842995273814,1.3649551682706385
E09000030,Tower Hamlets,4345,268813,19559,0.07276061797606515,1845.0,London,27.913,5.2583965155701895,18.7,1616.3652799529784,686.350734525488,1.123540544681119
E08000009,Trafford,2875,184288,42515,0.23069868900850843,2560.0,North West,16.088,5.28035934980824,18.8,1560.0581698211495,1389.130057301615,1.1402390737974926
E08000036,Wakefield,4750,290185,70221,0.24198700828781639,3005.0,Yorkshire and The Humber,27.306,6.82307985939405,19.7,1636.8868135844375,1035.5462894360494,1.0606047403259609
E08000030,Walsall,3675,223879,50588,0.22596134519092903,4740.0,West Midlands,31.555,11.11352404458734,19.1,1641.511709450194,2117.2151028010667,0.9998759243329906
E09000031,Waltham Forest,3615,217073,30067,0.1385110078176466,2070.0,London,25.209,7.061807163968529,19.0,1665.3383884683956,953.5962556375043,1.1107898823917057
E09000032,Wandsworth,3340,278925,33551,0.12028681545218249,3570.0,London,16.611,5.05017961189432,19.4,1197.4545128618804,1279.9139553643454,0.9602228771822251
E06000007,Warrington,3140,170592,42685,0.2502168917651473,3295.0,North West,18.942,6.575982353616849,19.2,1840.6490339523543,1931.5090977302568,1.2419568526260472
E10000031,Warwickshire,7035,502815,130108,0.2587591857840359,8430.0,West Midlands,15.64,4.228402536354469,19.4,1399.1229378598491,1676.5609617851496,1.0971064518854978
E06000037,West Berkshire,1925,129617,33561,0.25892436948857017,1375.0,South East,9.952,,19.2,1485.1446955260499,1060.817639661464,
E06000062,West Northamptonshire,4015,343516,76976,0.22408272103773916,4725.0,East Midlands,18.605,5.46361187510014,19.4,1168.7956310623085,1375.4817825079472,0.8843940957907525
E10000032,West Sussex,9400,733094,212898,0.2904102338854226,6500.0,South East,14.429,6.72416119067931,19.0,1282.2366572363162,886.6530076634101,0.9362900939681301
E09000033,Westminster,3030,180162,26528,0.14724525704643598,1335.0,London,20.339,12.32278702431725,18.5,1681.8196956072868,740.9997668764779,1.2075233539473085
E06000064,Westmorland and Furness Council,2905,191032,61145,0.32007726454206625,4140.0,North West,21.261,,19.6,1520.6876334854894,2167.176179907031,
E08000010,Wigan,4455,273225,66487,0.24334156830451092,6060.0,North West,25.713,3.1860346949677396,18.9,1630.5242931649739,2217.95223716717,0.9831537369007615
E06000054,Wiltshire,4775,419499,120151,0.28641546225378367,3915.0,South West,13.447,7.3901799908366,18.7,1138.2625465138176,933.2560983458841,0.8705856940942677
E06000040,Windsor and Maidenhead,1395,124203,29969,0.2412904680241218,1835.0,South East,8.376,3.7741945100847505,19.8,1123.161276297674,1477.420030111994,0.9820993968800207
E08000015,Wirral,4060,262650,74114,0.282177803160099,6140.0,North West,29.589,5.887894877407749,18.8,1545.7833618884447,2337.711783742623,0.8216648745813443
E06000041,Wokingham,1855,142788,32519,0.22774322772221756,2025.0,South East,5.846,7.42532248328609,19.4,1299.1287783287112,1418.186402218674,1.2089025053795384
E08000031,Wolverhampton,3690,212846,45108,0.21192787273427738,4850.0,West Midlands,32.102,6.07050835346816,18.8,1733.6478016970016,2278.6427745882,1.0695796825607715
E10000034,Worcestershire,6915,501241,145551,0.2903812736787294,6595.0,West Midlands,18.089,4.5177746576159,19.4,1379.575892634481,1315.7343473498777,0.9903916329633602
E06000014,York,2045,174543,40218,0.2304188652652928,3425.0,Yorkshire and The Humber,11.727,4.71443265468408,18.7,1171.6310593951061,1962.26717771552,1.0281743507836238
